mode,intent,commit_ms,extend_ms,recovery_ms,peak_extend_speed_mps
Legacy,Jab,90.0,140.0,280.0,4.436942
Curve,Jab,90.0,140.0,280.0,4.033425
Fast,Jab,40.0,70.0,190.0,8.066850
Legacy,Cross,90.0,140.0,280.0,5.091113
Curve,Cross,90.0,140.0,280.0,4.628120
Fast,Cross,60.0,85.0,230.0,7.622786
Legacy,LeadHook,90.0,140.0,280.0,8.081955
Curve,LeadHook,90.0,140.0,280.0,7.724317
Fast,LeadHook,70.0,95.0,260.0,11.383200
Legacy,RearHook,90.0,140.0,280.0,8.099535
Curve,RearHook,90.0,140.0,280.0,7.739938
Fast,RearHook,70.0,95.0,260.0,11.406220
Legacy,LeadUppercut,90.0,140.0,280.0,5.271637
Curve,LeadUppercut,90.0,140.0,280.0,4.792185
Fast,LeadUppercut,80.0,100.0,275.0,6.709059
Legacy,RearUppercut,90.0,140.0,280.0,5.536187
Curve,RearUppercut,90.0,140.0,280.0,5.032631
Fast,RearUppercut,80.0,100.0,275.0,7.045684
Legacy,LeadOverhand,90.0,140.0,280.0,5.156908
Curve,LeadOverhand,90.0,140.0,280.0,4.870811
Fast,LeadOverhand,90.0,105.0,300.0,6.494414
Legacy,RearOverhand,90.0,140.0,280.0,4.991278
Curve,RearOverhand,90.0,140.0,280.0,4.709511
Fast,RearOverhand,90.0,105.0,300.0,6.279348
