intent,range,defense,fps,result,dense_result,min_dense_gap_m
Jab,1.50,0,15,MISS,MISS,0.390161
Jab,1.50,0,30,MISS,MISS,0.390161
Jab,1.50,0,60,MISS,MISS,0.390161
Jab,1.50,0,120,MISS,MISS,0.390161
Jab,1.50,1,15,MISS,MISS,0.598846
Jab,1.50,1,30,MISS,MISS,0.598846
Jab,1.50,1,60,MISS,MISS,0.598846
Jab,1.50,1,120,MISS,MISS,0.598846
Jab,1.50,2,15,MISS,MISS,0.505169
Jab,1.50,2,30,MISS,MISS,0.505169
Jab,1.50,2,60,MISS,MISS,0.505169
Jab,1.50,2,120,MISS,MISS,0.505169
Jab,0.94,0,15,BLOCK,BLOCK,-0.107526
Jab,0.94,0,30,BLOCK,BLOCK,-0.107526
Jab,0.94,0,60,BLOCK,BLOCK,-0.107526
Jab,0.94,0,120,BLOCK,BLOCK,-0.107526
Jab,0.94,1,15,MISS,MISS,0.066282
Jab,0.94,1,30,MISS,MISS,0.066282
Jab,0.94,1,60,MISS,MISS,0.066282
Jab,0.94,1,120,MISS,MISS,0.066282
Jab,0.94,2,15,BLOCK,BLOCK,-0.030052
Jab,0.94,2,30,BLOCK,BLOCK,-0.030052
Jab,0.94,2,60,BLOCK,BLOCK,-0.030052
Jab,0.94,2,120,BLOCK,BLOCK,-0.030052
Jab,0.69,0,15,BLOCK,BLOCK,-0.190952
Jab,0.69,0,30,BLOCK,BLOCK,-0.190952
Jab,0.69,0,60,BLOCK,BLOCK,-0.190952
Jab,0.69,0,120,BLOCK,BLOCK,-0.190952
Jab,0.69,1,15,HIT,HIT,-0.127593
Jab,0.69,1,30,HIT,HIT,-0.127593
Jab,0.69,1,60,HIT,HIT,-0.127593
Jab,0.69,1,120,HIT,HIT,-0.127593
Jab,0.69,2,15,BLOCK,BLOCK,-0.168507
Jab,0.69,2,30,BLOCK,BLOCK,-0.168507
Jab,0.69,2,60,BLOCK,BLOCK,-0.168507
Jab,0.69,2,120,BLOCK,BLOCK,-0.168507
Cross,1.50,0,15,MISS,MISS,0.329375
Cross,1.50,0,30,MISS,MISS,0.329375
Cross,1.50,0,60,MISS,MISS,0.329375
Cross,1.50,0,120,MISS,MISS,0.329375
Cross,1.50,1,15,MISS,MISS,0.543735
Cross,1.50,1,30,MISS,MISS,0.543735
Cross,1.50,1,60,MISS,MISS,0.543735
Cross,1.50,1,120,MISS,MISS,0.543735
Cross,1.50,2,15,MISS,MISS,0.444854
Cross,1.50,2,30,MISS,MISS,0.444854
Cross,1.50,2,60,MISS,MISS,0.444854
Cross,1.50,2,120,MISS,MISS,0.444854
Cross,0.94,0,15,BLOCK,BLOCK,-0.135743
Cross,0.94,0,30,BLOCK,BLOCK,-0.135743
Cross,0.94,0,60,BLOCK,BLOCK,-0.135743
Cross,0.94,0,120,BLOCK,BLOCK,-0.135743
Cross,0.94,1,15,MISS,MISS,0.012449
Cross,0.94,1,30,MISS,MISS,0.012449
Cross,0.94,1,60,MISS,MISS,0.012449
Cross,0.94,1,120,MISS,MISS,0.012449
Cross,0.94,2,15,BLOCK,BLOCK,-0.082901
Cross,0.94,2,30,BLOCK,BLOCK,-0.082901
Cross,0.94,2,60,BLOCK,BLOCK,-0.082901
Cross,0.94,2,120,BLOCK,BLOCK,-0.082901
Cross,0.69,0,15,BLOCK,BLOCK,-0.193926
Cross,0.69,0,30,BLOCK,BLOCK,-0.193926
Cross,0.69,0,60,BLOCK,BLOCK,-0.193926
Cross,0.69,0,120,BLOCK,BLOCK,-0.193926
Cross,0.69,1,15,HIT,HIT,-0.147562
Cross,0.69,1,30,HIT,HIT,-0.147562
Cross,0.69,1,60,HIT,HIT,-0.147562
Cross,0.69,1,120,HIT,HIT,-0.147562
Cross,0.69,2,15,BLOCK,BLOCK,-0.185253
Cross,0.69,2,30,BLOCK,BLOCK,-0.185253
Cross,0.69,2,60,BLOCK,BLOCK,-0.185253
Cross,0.69,2,120,BLOCK,BLOCK,-0.185253
LeadHook,1.50,0,15,MISS,MISS,0.527242
LeadHook,1.50,0,30,MISS,MISS,0.527242
LeadHook,1.50,0,60,MISS,MISS,0.527242
LeadHook,1.50,0,120,MISS,MISS,0.527242
LeadHook,1.50,1,15,MISS,MISS,0.729087
LeadHook,1.50,1,30,MISS,MISS,0.729087
LeadHook,1.50,1,60,MISS,MISS,0.729087
LeadHook,1.50,1,120,MISS,MISS,0.729087
LeadHook,1.50,2,15,MISS,MISS,0.596862
LeadHook,1.50,2,30,MISS,MISS,0.596862
LeadHook,1.50,2,60,MISS,MISS,0.596862
LeadHook,1.50,2,120,MISS,MISS,0.596862
LeadHook,0.94,0,15,BLOCK,BLOCK,-0.058619
LeadHook,0.94,0,30,BLOCK,BLOCK,-0.058619
LeadHook,0.94,0,60,BLOCK,BLOCK,-0.058619
LeadHook,0.94,0,120,BLOCK,BLOCK,-0.058619
LeadHook,0.94,1,15,MISS,MISS,0.164813
LeadHook,0.94,1,30,MISS,MISS,0.164813
LeadHook,0.94,1,60,MISS,MISS,0.164813
LeadHook,0.94,1,120,MISS,MISS,0.164813
LeadHook,0.94,2,15,MISS,MISS,0.013057
LeadHook,0.94,2,30,MISS,MISS,0.013057
LeadHook,0.94,2,60,MISS,MISS,0.013057
LeadHook,0.94,2,120,MISS,MISS,0.013057
LeadHook,0.69,0,15,BLOCK,BLOCK,-0.134124
LeadHook,0.69,0,30,BLOCK,BLOCK,-0.134124
LeadHook,0.69,0,60,BLOCK,BLOCK,-0.134124
LeadHook,0.69,0,120,BLOCK,BLOCK,-0.134124
LeadHook,0.69,1,15,HIT,HIT,-0.092678
LeadHook,0.69,1,30,HIT,HIT,-0.092678
LeadHook,0.69,1,60,HIT,HIT,-0.092678
LeadHook,0.69,1,120,HIT,HIT,-0.092678
LeadHook,0.69,2,15,BLOCK,BLOCK,-0.205339
LeadHook,0.69,2,30,BLOCK,BLOCK,-0.205339
LeadHook,0.69,2,60,BLOCK,BLOCK,-0.205339
LeadHook,0.69,2,120,BLOCK,BLOCK,-0.205339
RearHook,1.50,0,15,MISS,MISS,0.528557
RearHook,1.50,0,30,MISS,MISS,0.528557
RearHook,1.50,0,60,MISS,MISS,0.528557
RearHook,1.50,0,120,MISS,MISS,0.528557
RearHook,1.50,1,15,MISS,MISS,0.727021
RearHook,1.50,1,30,MISS,MISS,0.727021
RearHook,1.50,1,60,MISS,MISS,0.727021
RearHook,1.50,1,120,MISS,MISS,0.727021
RearHook,1.50,2,15,MISS,MISS,0.598250
RearHook,1.50,2,30,MISS,MISS,0.598250
RearHook,1.50,2,60,MISS,MISS,0.598250
RearHook,1.50,2,120,MISS,MISS,0.598250
RearHook,0.94,0,15,BLOCK,BLOCK,-0.053101
RearHook,0.94,0,30,BLOCK,BLOCK,-0.053101
RearHook,0.94,0,60,BLOCK,BLOCK,-0.053101
RearHook,0.94,0,120,BLOCK,BLOCK,-0.053101
RearHook,0.94,1,15,MISS,MISS,0.163169
RearHook,0.94,1,30,MISS,MISS,0.163169
RearHook,0.94,1,60,MISS,MISS,0.163169
RearHook,0.94,1,120,MISS,MISS,0.163169
RearHook,0.94,2,15,MISS,MISS,0.017261
RearHook,0.94,2,30,MISS,MISS,0.017261
RearHook,0.94,2,60,MISS,MISS,0.017261
RearHook,0.94,2,120,MISS,MISS,0.017261
RearHook,0.69,0,15,BLOCK,BLOCK,-0.123984
RearHook,0.69,0,30,BLOCK,BLOCK,-0.123984
RearHook,0.69,0,60,BLOCK,BLOCK,-0.123984
RearHook,0.69,0,120,BLOCK,BLOCK,-0.123984
RearHook,0.69,1,15,HIT,HIT,-0.096320
RearHook,0.69,1,30,HIT,HIT,-0.096320
RearHook,0.69,1,60,HIT,HIT,-0.096320
RearHook,0.69,1,120,HIT,HIT,-0.096320
RearHook,0.69,2,15,BLOCK,BLOCK,-0.179333
RearHook,0.69,2,30,BLOCK,BLOCK,-0.179333
RearHook,0.69,2,60,BLOCK,BLOCK,-0.179333
RearHook,0.69,2,120,BLOCK,BLOCK,-0.179333
LeadUppercut,1.50,0,15,MISS,MISS,0.518198
LeadUppercut,1.50,0,30,MISS,MISS,0.518198
LeadUppercut,1.50,0,60,MISS,MISS,0.518198
LeadUppercut,1.50,0,120,MISS,MISS,0.518198
LeadUppercut,1.50,1,15,MISS,MISS,0.722546
LeadUppercut,1.50,1,30,MISS,MISS,0.722546
LeadUppercut,1.50,1,60,MISS,MISS,0.722546
LeadUppercut,1.50,1,120,MISS,MISS,0.722546
LeadUppercut,1.50,2,15,MISS,MISS,0.628393
LeadUppercut,1.50,2,30,MISS,MISS,0.628393
LeadUppercut,1.50,2,60,MISS,MISS,0.628393
LeadUppercut,1.50,2,120,MISS,MISS,0.628393
LeadUppercut,0.94,0,15,MISS,MISS,0.001342
LeadUppercut,0.94,0,30,MISS,MISS,0.001342
LeadUppercut,0.94,0,60,MISS,MISS,0.001342
LeadUppercut,0.94,0,120,MISS,MISS,0.001342
LeadUppercut,0.94,1,15,MISS,MISS,0.171690
LeadUppercut,0.94,1,30,MISS,MISS,0.171690
LeadUppercut,0.94,1,60,MISS,MISS,0.171690
LeadUppercut,0.94,1,120,MISS,MISS,0.171690
LeadUppercut,0.94,2,15,MISS,MISS,0.086246
LeadUppercut,0.94,2,30,MISS,MISS,0.086246
LeadUppercut,0.94,2,60,MISS,MISS,0.086246
LeadUppercut,0.94,2,120,MISS,MISS,0.086246
LeadUppercut,0.69,0,15,BLOCK,BLOCK,-0.177553
LeadUppercut,0.69,0,30,BLOCK,BLOCK,-0.177553
LeadUppercut,0.69,0,60,BLOCK,BLOCK,-0.177553
LeadUppercut,0.69,0,120,BLOCK,BLOCK,-0.177553
LeadUppercut,0.69,1,15,HIT,HIT,-0.059840
LeadUppercut,0.69,1,30,HIT,HIT,-0.059840
LeadUppercut,0.69,1,60,HIT,HIT,-0.059840
LeadUppercut,0.69,1,120,HIT,HIT,-0.059840
LeadUppercut,0.69,2,15,BLOCK,BLOCK,-0.137467
LeadUppercut,0.69,2,30,BLOCK,BLOCK,-0.137467
LeadUppercut,0.69,2,60,BLOCK,BLOCK,-0.137467
LeadUppercut,0.69,2,120,BLOCK,BLOCK,-0.137467
RearUppercut,1.50,0,15,MISS,MISS,0.513573
RearUppercut,1.50,0,30,MISS,MISS,0.513573
RearUppercut,1.50,0,60,MISS,MISS,0.513573
RearUppercut,1.50,0,120,MISS,MISS,0.513573
RearUppercut,1.50,1,15,MISS,MISS,0.722546
RearUppercut,1.50,1,30,MISS,MISS,0.722546
RearUppercut,1.50,1,60,MISS,MISS,0.722546
RearUppercut,1.50,1,120,MISS,MISS,0.722546
RearUppercut,1.50,2,15,MISS,MISS,0.624822
RearUppercut,1.50,2,30,MISS,MISS,0.624822
RearUppercut,1.50,2,60,MISS,MISS,0.624822
RearUppercut,1.50,2,120,MISS,MISS,0.624822
RearUppercut,0.94,0,15,BLOCK,BLOCK,-0.010654
RearUppercut,0.94,0,30,BLOCK,BLOCK,-0.010654
RearUppercut,0.94,0,60,BLOCK,BLOCK,-0.010654
RearUppercut,0.94,0,120,BLOCK,BLOCK,-0.010654
RearUppercut,0.94,1,15,MISS,MISS,0.171690
RearUppercut,0.94,1,30,MISS,MISS,0.171690
RearUppercut,0.94,1,60,MISS,MISS,0.171690
RearUppercut,0.94,1,120,MISS,MISS,0.171690
RearUppercut,0.94,2,15,MISS,MISS,0.079222
RearUppercut,0.94,2,30,MISS,MISS,0.079222
RearUppercut,0.94,2,60,MISS,MISS,0.079222
RearUppercut,0.94,2,120,MISS,MISS,0.079222
RearUppercut,0.69,0,15,BLOCK,BLOCK,-0.165239
RearUppercut,0.69,0,30,BLOCK,BLOCK,-0.165239
RearUppercut,0.69,0,60,BLOCK,BLOCK,-0.165239
RearUppercut,0.69,0,120,BLOCK,BLOCK,-0.165239
RearUppercut,0.69,1,15,HIT,HIT,-0.059840
RearUppercut,0.69,1,30,HIT,HIT,-0.059840
RearUppercut,0.69,1,60,HIT,HIT,-0.059840
RearUppercut,0.69,1,120,HIT,HIT,-0.059840
RearUppercut,0.69,2,15,BLOCK,BLOCK,-0.139344
RearUppercut,0.69,2,30,BLOCK,BLOCK,-0.139344
RearUppercut,0.69,2,60,BLOCK,BLOCK,-0.139344
RearUppercut,0.69,2,120,BLOCK,BLOCK,-0.139344
LeadOverhand,1.50,0,15,MISS,MISS,0.416839
LeadOverhand,1.50,0,30,MISS,MISS,0.416839
LeadOverhand,1.50,0,60,MISS,MISS,0.416839
LeadOverhand,1.50,0,120,MISS,MISS,0.416839
LeadOverhand,1.50,1,15,MISS,MISS,0.610759
LeadOverhand,1.50,1,30,MISS,MISS,0.610759
LeadOverhand,1.50,1,60,MISS,MISS,0.610759
LeadOverhand,1.50,1,120,MISS,MISS,0.610759
LeadOverhand,1.50,2,15,MISS,MISS,0.529852
LeadOverhand,1.50,2,30,MISS,MISS,0.529852
LeadOverhand,1.50,2,60,MISS,MISS,0.529852
LeadOverhand,1.50,2,120,MISS,MISS,0.529852
LeadOverhand,0.94,0,15,BLOCK,BLOCK,-0.036093
LeadOverhand,0.94,0,30,BLOCK,BLOCK,-0.036093
LeadOverhand,0.94,0,60,BLOCK,BLOCK,-0.036093
LeadOverhand,0.94,0,120,BLOCK,BLOCK,-0.036093
LeadOverhand,0.94,1,15,MISS,MISS,0.059965
LeadOverhand,0.94,1,30,MISS,MISS,0.059965
LeadOverhand,0.94,1,60,MISS,MISS,0.059965
LeadOverhand,0.94,1,120,MISS,MISS,0.059965
LeadOverhand,0.94,2,15,MISS,MISS,0.026255
LeadOverhand,0.94,2,30,MISS,MISS,0.026255
LeadOverhand,0.94,2,60,MISS,MISS,0.026255
LeadOverhand,0.94,2,120,MISS,MISS,0.026255
LeadOverhand,0.69,0,15,HIT,HIT,-0.158985
LeadOverhand,0.69,0,30,HIT,HIT,-0.158985
LeadOverhand,0.69,0,60,HIT,HIT,-0.158985
LeadOverhand,0.69,0,120,HIT,HIT,-0.158985
LeadOverhand,0.69,1,15,HIT,HIT,-0.158985
LeadOverhand,0.69,1,30,HIT,HIT,-0.158985
LeadOverhand,0.69,1,60,HIT,HIT,-0.158985
LeadOverhand,0.69,1,120,HIT,HIT,-0.158985
LeadOverhand,0.69,2,15,HIT,HIT,-0.087450
LeadOverhand,0.69,2,30,HIT,HIT,-0.087450
LeadOverhand,0.69,2,60,HIT,HIT,-0.087450
LeadOverhand,0.69,2,120,HIT,HIT,-0.087450
RearOverhand,1.50,0,15,MISS,MISS,0.411015
RearOverhand,1.50,0,30,MISS,MISS,0.411015
RearOverhand,1.50,0,60,MISS,MISS,0.411015
RearOverhand,1.50,0,120,MISS,MISS,0.411015
RearOverhand,1.50,1,15,MISS,MISS,0.610759
RearOverhand,1.50,1,30,MISS,MISS,0.610759
RearOverhand,1.50,1,60,MISS,MISS,0.610759
RearOverhand,1.50,1,120,MISS,MISS,0.610759
RearOverhand,1.50,2,15,MISS,MISS,0.524741
RearOverhand,1.50,2,30,MISS,MISS,0.524741
RearOverhand,1.50,2,60,MISS,MISS,0.524741
RearOverhand,1.50,2,120,MISS,MISS,0.524741
RearOverhand,0.94,0,15,BLOCK,BLOCK,-0.056507
RearOverhand,0.94,0,30,BLOCK,BLOCK,-0.056507
RearOverhand,0.94,0,60,BLOCK,BLOCK,-0.056507
RearOverhand,0.94,0,120,BLOCK,BLOCK,-0.056507
RearOverhand,0.94,1,15,MISS,MISS,0.059965
RearOverhand,0.94,1,30,MISS,MISS,0.059965
RearOverhand,0.94,1,60,MISS,MISS,0.059965
RearOverhand,0.94,1,120,MISS,MISS,0.059965
RearOverhand,0.94,2,15,MISS,MISS,0.010892
RearOverhand,0.94,2,30,MISS,MISS,0.010892
RearOverhand,0.94,2,60,MISS,MISS,0.010892
RearOverhand,0.94,2,120,MISS,MISS,0.010892
RearOverhand,0.69,0,15,HIT,HIT,-0.158985
RearOverhand,0.69,0,30,HIT,HIT,-0.158985
RearOverhand,0.69,0,60,HIT,HIT,-0.158985
RearOverhand,0.69,0,120,HIT,HIT,-0.158985
RearOverhand,0.69,1,15,HIT,HIT,-0.158985
RearOverhand,0.69,1,30,HIT,HIT,-0.158985
RearOverhand,0.69,1,60,HIT,HIT,-0.158985
RearOverhand,0.69,1,120,HIT,HIT,-0.158985
RearOverhand,0.69,2,15,BLOCK,BLOCK,-0.052800
RearOverhand,0.69,2,30,BLOCK,BLOCK,-0.052800
RearOverhand,0.69,2,60,BLOCK,BLOCK,-0.052800
RearOverhand,0.69,2,120,BLOCK,BLOCK,-0.052800
